Workbook

Sheet Round 1
A1: S. No. | B1: Roll / Reg No | C1: Full Name | D1: Branch | E1: ad
A2: 1 | B2: 7376232AD101 | C2: Aathini S S | D2: Artificial Intelligence and Data Science | E2: =VLOOKUP(B:B,AB!B:E,4,0) -> #N/A
A3: 2 | B3: 7376232AD104 | C3: Abinisha A S | D3: Artificial Intelligence and Data Science | E3: =VLOOKUP(B:B,AB!B:E,4,0) -> #N/A
A4: 3 | B4: 7376242AD501 | C4: Abirami N M | D4: Artificial Intelligence and Data Science | E4: =VLOOKUP(B:B,AB!B:E,4,0) -> #N/A
A5: 4 | B5: 7376232AD110 | C5: Arikrishnan R | D5: Artificial Intelligence and Data Science | E5: =VLOOKUP(B:B,AB!B:E,4,0) -> #N/A
A6: 5 | B6: 7376232AD111 | C6: Arun N | D6: Artificial Intelligence and Data Science | E6: =VLOOKUP(B:B,AB!B:E,4,0) -> #N/A
A7: 6 | B7: 7376232AD112 | C7: Asma Banu I | D7: Artificial Intelligence and Data Science | E7: =VLOOKUP(B:B,AB!B:E,4,0) -> #N/A
A8: 7 | B8: 7376232AD116 | C8: Bharath L | D8: Artificial Intelligence and Data Science | E8: =VLOOKUP(B:B,AB!B:E,4,0) -> #N/A
A9: 8 | B9: 7376232AD121 | C9: Charumathi S | D9: Artificial Intelligence and Data Science | E9: =VLOOKUP(B:B,AB!B:E,4,0) -> #N/A
A10: 9 | B10: 7376232AD124 | C10: Darshana R | D10: Artificial Intelligence and Data Science | E10: =VLOOKUP(B:B,AB!B:E,4,0) -> #N/A
A11: 10 | B11: 7376232AD123 | C11: Darshana S | D11: Artificial Intelligence and Data Science | E11: =VLOOKUP(B:B,AB!B:E,4,0) -> #N/A
A12: 11 | B12: 7376232AD126 | C12: Dhanusree K | D12: Artificial Intelligence and Data Science | E12: =VLOOKUP(B:B,AB!B:E,4,0) -> #N/A
A13: 12 | B13: 7376232AD130 | C13: Dharshini S | D13: Artificial Intelligence and Data Science | E13: =VLOOKUP(B:B,AB!B:E,4,0) -> #N/A
... A521: 520 | B521: 7376231MZ157 | C521: Vikash P | D521: Mechatronics Engineering | E521: =VLOOKUP(B:B,AB!B:E,4,0) -> #N/A

Sheet AB
A1: s.no | B1: Register Number | C1: Name | D1: Email ID
A2: 1 | B2: 7376232CB149 | C2: SIVA SUBRAMANI BHARATHI HARI KRISHNA | D2: bharathiharikrishna.cb23@bitsathy.ac.in | E2: AB
A3: 2 | B3: 7376231CS120 | C3: BALASUTHARSAN M | D3: balasutharsan.cs23@bitsathy.ac.in | E3: AB
A4: 3 | B4: 7376231CS317 | C4: SOWUNDARYA R | D4: sowundarya.cs23@bitsathy.ac.in | E4: AB
A5: 4 | B5: 7376231CS332 | C5: THANUSHA A | D5: thanusha.cs23@bitsathy.ac.in | E5: AB
A6: 5 | B6: 7376231CS352 | C6: YAZHINI K | D6: yazhini.cs23@bitsathy.ac.in | E6: AB
A7: 6 | B7: 7376232CT131 | C7: PRAVEEN V | D7: praveen.ct23@bitsathy.ac.in | E7: AB
A8: 7 | B8: 7376231EC113 | C8: APSARA A R | D8: apsara.ec23@bitsathy.ac.in | E8: AB
A9: 8 | B9: 7376231EC168 | C9: JAYAPRABHA GOKUL KUMAR | D9: jayaprabha.ec23@bitsathy.ac.in | E9: AB
A10: 9 | B10: 7376231EC287 | C10: SIVASUBRAMANIYAM S | D10: sivasubramaniyam.ec23@bitsathy.ac.in | E10: AB
A11: 10 | B11: 7376231SE129 | C11: MEROSAN P | D11: merosan.se23@bitsathy.ac.in | E11: AB
A12: 11 | B12: 7376232IT161 | C12: HEMASRI M | D12: hemasri.it23@bitsathy.ac.in | E12: AB
A13: 12 | B13: 7376231ME108 | C13: DARSHANA SREE J M | D13: darshanasree.me23@bitsathy.ac.in | E13: AB

Sheet Round 2
A1: S.No | B1: Reg number | C1: Name | D1: Department
A2: 1 | B2: 7376232AD104 | C2: Abinisha A S | D2: Artificial Intelligence and Data Science
A3: 2 | B3: 7376232AD130 | C3: Dharshini S | D3: Artificial Intelligence and Data Science
A4: 3 | B4: 7376232AD144 | C4: Hari Ganessh P S | D4: Artificial Intelligence and Data Science
A5: 4 | B5: 7376232AD145 | C5: Harikesh M | D5: Artificial Intelligence and Data Science
A6: 5 | B6: 7376232AD195 | C6: Mohammed Afeef M | D6: Artificial Intelligence and Data Science
A7: 6 | B7: 7376232AD205 | C7: Nivas M R | D7: Artificial Intelligence and Data Science
A8: 7 | B8: 7376232AD213 | C8: Praneeth K A | D8: Artificial Intelligence and Data Science
A9: 8 | B9: 7376232AD217 | C9: Praveen A | D9: Artificial Intelligence and Data Science
A10: 9 | B10: 7376232AD252 | C10: Sharvesh R | D10: Artificial Intelligence and Data Science
A11: 10 | B11: 7376232AL151 | C11: Mahithaa Sri S K | D11: Artificial Intelligence and Machine Learning
A12: 11 | B12: 7376232AL212 | C12: Varshini M | D12: Artificial Intelligence and Machine Learning
A13: 12 | B13: 7376232CB119 | C13: Hari Hara Sudhan N | D13: Computer Science and Business Systems
... A47: 46 | B47: 7376231MZ127 | C47: Naven K S | D47: Mechatronics Engineering

Sheet Round 3
A1: S. No. | B1: Roll/Reg No | C1: Full Name | D1: Branch
A2: 1 | B2: 7376232AD130 | C2: Muralidharan R | D2: Computer Science and Design
A3: 2 | B3: 7376232AD144 | C3: Dinesh S | D3: Electronics and Communication Engineering
A4: 3 | B4: 7376232AD145 | C4: Mohammed Afeef M | D4: Artificial Intelligence and Data Science
A5: 4 | B5: 7376232AD195 | C5: Harishmitha R | D5: Electronics and Communication Engineering
A6: 5 | B6: 7376232AD252 | C6: Mohith M | D6: Electronics and Communication Engineering
A7: 6 | B7: 7376231CD124 | C7: Rahul Sanjay G | D7: Information Technology
A8: 7 | B8: 7376231CD131 | C8: Kavin K R | D8: Computer Science and Engineering
A9: 8 | B9: 7376231CS107 | C9: Navaneetha Krishnan S | D9: Computer Science and Engineering
A10: 9 | B10: 7376231CS200 | C10: Naven K S | D10: Mechatronics Engineering
A11: 10 | B11: 7376231CS203 | C11: Harikesh M | D11: Artificial Intelligence and Data Science
A12: 11 | B12: 7376231CS208 | C12: Hari Ganessh P S | D12: Artificial Intelligence and Data Science
A13: 12 | B13: 7376231CS245 | C13: Shashwath V R | D13: Information Technology
... A31: 30 | B31: 7376231MZ127 | C31: Deepthi D | D31: Information Technology

Sheet Round 4
A1: S.No | B1: Name
A2: 7376231SE116 | B2: GAYATHIRI E
A3: 7376231EC158 | B3: HARISHMITHA R
A4: 7376231EC140 | B4: DINESH S
A5: 7376231CS343 | B5: VENKATAKRISHNAN S
A6: 7376231CS107 | B6: ADHAVAN SE V
A7: 7376232AD252 | B7: SHARVESH RAMALINGAM
A8: 7376232AD195 | B8: MOHAMMED AFEEF M
A9: 7376231EC192 | B9: KOUSIK A B
A10: 7376231CS245 | B10: NAVANEETHA KRISHNAN S
A11: 7376231EC209 | B11: MANOJ R
A12: 7376231CD131 | B12: MURALIDHARAN R
A13: 7376232IT203 | B13: MOHITH M

Sheet Design round 5
A1: S.No | B1: Name
A2: 7376231SE116 | B2: GAYATHIRI E
A3: 7376231EC158 | B3: HARISHMITHA R
A4: 7376231EC140 | B4: DINESH S
A5: 7376231CS107 | B5: ADHAVAN SE V
A6: 7376232AD252 | B6: SHARVESH RAMALINGAM
A7: 7376232AD195 | B7: MOHAMMED AFEEF M
A8: 7376231EC192 | B8: KOUSIK A B
A9: 7376231CS245 | B9: NAVANEETHA KRISHNAN S
A10: 7376231EC209 | B10: MANOJ R
A11: 7376232IT203 | B11: MOHITH M

Sheet OFFER
G1: S.No | H1: Name
G2: 7376231SE116 | H2: GAYATHIRI E
G3: 7376231EC158 | H3: HARISHMITHA R
G4: 7376231EC140 | H4: DINESH S
G5: 7376231CS107 | H5: ADHAVAN SE V
G6: 7376232AD252 | H6: SHARVESH RAMALINGAM
G7: 7376232AD195 | H7: MOHAMMED AFEEF M
G8: 7376231EC192 | H8: KOUSIK A B
